run_id,timestamp_utc,git_commit,params_json,metrics_json,notes
run_664e6a75,2026-09-17T16:02:46.315584,no_git,"{""symbol"": ""XAUUSD"", ""timeframe"": ""M5"", ""sessions"": {""asian"": {""enable"": true, ""start"": ""00:00"", ""end"": ""08:00""}, ""london"": {""enable"": true, ""start"": ""08:00"", ""end"": ""14:30""}, ""new_york"": {""enable"": false, ""start"": ""14:30"", ""end"": ""23:59""}}, ""momentum_params"": {""placeholder_lookback"": 14, ""placeholder_threshold"": 1.5}}","{""total_trades"": 5746, ""profit_trades"": 1918, ""loss_trades"": 3828, ""win_rate_pct"": 33.38, ""net_profit"": -881.16, ""gross_profit"": 252855.78, ""gross_loss"": 253736.93, ""profit_factor"": 1.0, ""expected_payoff"": -0.15, ""largest_profit_trade"": 190.0, ""largest_loss_trade"": -100.68, ""average_profit_trade"": 131.83, ""average_loss_trade"": -66.28, ""max_consecutive_wins_count"": 7, ""max_consecutive_losses_count"": 18, ""monte_carlo"": {""p_pass"": 49.99, ""p_fail_max_dd"": 50.01, ""p_fail_daily_loss"": 0.0, ""p_timeout"": 0.0, ""max_dd_mean"": 6.98, ""max_dd_p95"": 10.4, ""avg_days_to_pass"": 69.2}}",Chạy thử nghiệm Momentum gốc
run_8d01c5c5,2026-09-17T16:06:28.092634,no_git,"{""symbol"": ""XAUUSD"", ""timeframe"": ""M5"", ""sessions"": {""asian"": {""enable"": true, ""start"": ""00:00"", ""end"": ""08:00""}, ""london"": {""enable"": true, ""start"": ""08:00"", ""end"": ""14:30""}, ""new_york"": {""enable"": false, ""start"": ""14:30"", ""end"": ""23:59""}}, ""momentum_params"": {""placeholder_lookback"": 14, ""placeholder_threshold"": 1.5}}","{""total_trades"": 5746, ""profit_trades"": 1918, ""loss_trades"": 3828, ""win_rate_pct"": 33.38, ""net_profit"": -881.16, ""gross_profit"": 252855.78, ""gross_loss"": 253736.93, ""profit_factor"": 1.0, ""expected_payoff"": -0.15, ""largest_profit_trade"": 190.0, ""largest_loss_trade"": -100.68, ""max_consecutive_wins_count"": 7, ""max_consecutive_losses_count"": 18, ""monte_carlo"": {""p_pass"": 49.99, ""p_fail_max_dd"": 50.01, ""p_fail_daily_loss"": 0.0, ""p_timeout"": 0.0, ""max_dd_mean"": 6.98, ""max_dd_p95"": 10.4, ""avg_days_to_pass"": 69.2}}",Chạy thử nghiệm Momentum gốc
run_d91d842c,2026-09-17T16:08:49.366677,no_git,"{""symbol"": ""XAUUSD"", ""timeframe"": ""M5"", ""sessions"": {""asian"": {""enable"": true, ""start"": ""00:00"", ""end"": ""08:00""}, ""london"": {""enable"": true, ""start"": ""08:00"", ""end"": ""14:30""}, ""new_york"": {""enable"": false, ""start"": ""14:30"", ""end"": ""23:59""}}, ""momentum_params"": {""placeholder_lookback"": 14, ""placeholder_threshold"": 1.5}}","{""total_trades"": 5746, ""profit_trades"": 1918, ""loss_trades"": 3828, ""win_rate_pct"": 33.38, ""net_profit"": -881.16, ""gross_profit"": 252855.78, ""gross_loss"": 253736.93, ""profit_factor"": 1.0, ""expected_payoff"": -0.15, ""largest_profit_trade"": 190.0, ""largest_loss_trade"": -100.68, ""max_consecutive_wins_count"": 7, ""max_consecutive_losses_count"": 18, ""monte_carlo"": {""p_pass"": 49.99, ""p_fail_max_dd"": 50.01, ""p_fail_daily_loss"": 0.0, ""p_timeout"": 0.0, ""max_dd_mean"": 6.98, ""max_dd_p95"": 10.4, ""avg_days_to_pass"": 69.2}}",Chạy thử nghiệm Momentum gốc
run_1c27976f,2026-09-17T16:24:01.852398,no_git,"{""symbol"": ""XAUUSD"", ""timeframe"": ""M5"", ""sessions"": {""asian"": {""enable"": true, ""start"": ""00:00"", ""end"": ""08:00""}, ""london"": {""enable"": true, ""start"": ""08:00"", ""end"": ""14:30""}, ""new_york"": {""enable"": false, ""start"": ""14:30"", ""end"": ""23:59""}}, ""momentum_params"": {""placeholder_lookback"": 14, ""placeholder_threshold"": 1.5}}","{""total_trades"": 18, ""profit_trades"": 6, ""loss_trades"": 12, ""win_rate_pct"": 33.33, ""net_profit"": -12.0, ""gross_profit"": 588.0, ""gross_loss"": 600.0, ""profit_factor"": 0.98, ""expected_payoff"": -0.67, ""largest_profit_trade"": 102.0, ""largest_loss_trade"": -51.0, ""max_consecutive_wins_count"": 2, ""max_consecutive_losses_count"": 4, ""monte_carlo"": {""p_pass"": 0.12, ""p_fail_max_dd"": 0.0, ""p_fail_daily_loss"": 0.0, ""p_timeout"": 99.88, ""max_dd_mean"": 2.12, ""max_dd_p95"": 5.38, ""avg_days_to_pass"": 5.4}}",Tự động chạy chiến lược simplersi
run_02af8b34,2026-09-17T16:32:00.489093,no_git,"{""symbol"": ""XAUUSD"", ""timeframe"": ""M5"", ""sessions"": {""asian"": {""enable"": true, ""start"": ""00:00"", ""end"": ""08:00""}, ""london"": {""enable"": true, ""start"": ""08:00"", ""end"": ""14:30""}, ""new_york"": {""enable"": false, ""start"": ""14:30"", ""end"": ""23:59""}}, ""momentum_params"": {""placeholder_lookback"": 14, ""placeholder_threshold"": 1.5}}","{""total_trades"": 30, ""profit_trades"": 4, ""loss_trades"": 26, ""win_rate_pct"": 13.33, ""net_profit"": -861.0, ""gross_profit"": 390.0, ""gross_loss"": 1251.0, ""profit_factor"": 0.31, ""expected_payoff"": -28.7, ""largest_profit_trade"": 102.0, ""largest_loss_trade"": -51.0, ""max_consecutive_wins_count"": 1, ""max_consecutive_losses_count"": 10, ""monte_carlo"": {""p_pass"": 0.0, ""p_fail_max_dd"": 32.14, ""p_fail_daily_loss"": 0.0, ""p_timeout"": 67.86, ""max_dd_mean"": 8.48, ""max_dd_p95"": 10.43, ""avg_days_to_pass"": 0.0}}",Tự động chạy chiến lược simplersi
run_0f97bcef,2026-09-17T16:36:09.907495,no_git,"{""symbol"": ""XAUUSD"", ""timeframe"": ""M5"", ""sessions"": {""asian"": {""enable"": true, ""start"": ""00:00"", ""end"": ""08:00""}, ""london"": {""enable"": true, ""start"": ""08:00"", ""end"": ""14:30""}, ""new_york"": {""enable"": false, ""start"": ""14:30"", ""end"": ""23:59""}}, ""momentum_params"": {""placeholder_lookback"": 14, ""placeholder_threshold"": 1.5}}","{""total_trades"": 42, ""profit_trades"": 8, ""loss_trades"": 34, ""win_rate_pct"": 19.05, ""net_profit"": -865.0, ""gross_profit"": 790.0, ""gross_loss"": 1655.0, ""profit_factor"": 0.48, ""expected_payoff"": -20.6, ""largest_profit_trade"": 100.0, ""largest_loss_trade"": -50.0, ""max_consecutive_wins_count"": 2, ""max_consecutive_losses_count"": 12, ""monte_carlo"": {""p_pass"": 0.0, ""p_fail_max_dd"": 41.31, ""p_fail_daily_loss"": 0.0, ""p_timeout"": 58.69, ""max_dd_mean"": 8.38, ""max_dd_p95"": 10.43, ""avg_days_to_pass"": 0.0}}",Tự động chạy chiến lược momentum
run_a70908ac,2026-09-17T16:37:30.380239,no_git,"{""symbol"": ""XAUUSD"", ""timeframe"": ""M5"", ""sessions"": {""asian"": {""enable"": true, ""start"": ""00:00"", ""end"": ""08:00""}, ""london"": {""enable"": true, ""start"": ""08:00"", ""end"": ""14:30""}, ""new_york"": {""enable"": false, ""start"": ""14:30"", ""end"": ""23:59""}}, ""momentum_params"": {""placeholder_lookback"": 14, ""placeholder_threshold"": 1.5}}","{""total_trades"": 51, ""profit_trades"": 11, ""loss_trades"": 40, ""win_rate_pct"": 21.57, ""net_profit"": -867.0, ""gross_profit"": 1086.0, ""gross_loss"": 1953.0, ""profit_factor"": 0.56, ""expected_payoff"": -17.0, ""largest_profit_trade"": 102.0, ""largest_loss_trade"": -51.0, ""max_consecutive_wins_count"": 3, ""max_consecutive_losses_count"": 12, ""monte_carlo"": {""p_pass"": 0.04, ""p_fail_max_dd"": 45.28, ""p_fail_daily_loss"": 0.0, ""p_timeout"": 54.68, ""max_dd_mean"": 8.33, ""max_dd_p95"": 10.42, ""avg_days_to_pass"": 9.0}}",Tự động chạy chiến lược simplersi
run_8d4446bf,2026-09-17T16:40:34.030146,no_git,"{""symbol"": ""XAUUSD"", ""timeframe"": ""M5"", ""sessions"": {""asian"": {""enable"": true, ""start"": ""00:00"", ""end"": ""08:00""}, ""london"": {""enable"": true, ""start"": ""08:00"", ""end"": ""14:30""}, ""new_york"": {""enable"": false, ""start"": ""14:30"", ""end"": ""23:59""}}, ""momentum_params"": {""placeholder_lookback"": 14, ""placeholder_threshold"": 1.5}}","{""total_trades"": 9070, ""profit_trades"": 3030, ""loss_trades"": 6040, ""win_rate_pct"": 33.41, ""net_profit"": -871.19, ""gross_profit"": 496028.63, ""gross_loss"": 496899.82, ""profit_factor"": 1.0, ""expected_payoff"": -0.1, ""largest_profit_trade"": 270.0, ""largest_loss_trade"": -140.66, ""max_consecutive_wins_count"": 7, ""max_consecutive_losses_count"": 22, ""monte_carlo"": {""p_pass"": 51.25, ""p_fail_max_dd"": 48.75, ""p_fail_daily_loss"": 0.0, ""p_timeout"": 0.0, ""max_dd_mean"": 6.88, ""max_dd_p95"": 10.4, ""avg_days_to_pass"": 68.3}}",Tự động chạy chiến lược momentum
run_a83f58b6,2026-09-17T16:48:45.217705,no_git,"{""symbol"": ""XAUUSD"", ""timeframe"": ""M5"", ""sessions"": {""asian"": {""enable"": true, ""start"": ""00:00"", ""end"": ""08:00""}, ""london"": {""enable"": true, ""start"": ""08:00"", ""end"": ""14:30""}, ""new_york"": {""enable"": false, ""start"": ""14:30"", ""end"": ""23:59""}}, ""momentum_params"": {""placeholder_lookback"": 14, ""placeholder_threshold"": 1.5}}","{""total_trades"": 694, ""profit_trades"": 236, ""loss_trades"": 458, ""win_rate_pct"": 34.01, ""net_profit"": 555.0, ""gross_profit"": 27384.0, ""gross_loss"": 26829.0, ""profit_factor"": 1.02, ""expected_payoff"": 0.8, ""largest_profit_trade"": 132.0, ""largest_loss_trade"": -66.0, ""max_consecutive_wins_count"": 7, ""max_consecutive_losses_count"": 13, ""monte_carlo"": {""p_pass"": 58.0, ""p_fail_max_dd"": 39.73, ""p_fail_daily_loss"": 0.0, ""p_timeout"": 2.27, ""max_dd_mean"": 6.35, ""max_dd_p95"": 10.38, ""avg_days_to_pass"": 62.5}}",Tự động chạy chiến lược simplersi
run_dfa39ef8,2026-09-17T16:53:42.920099,no_git,"{""symbol"": ""XAUUSD"", ""timeframe"": ""M5"", ""sessions"": {""asian"": {""enable"": true, ""start"": ""00:00"", ""end"": ""08:00""}, ""london"": {""enable"": true, ""start"": ""08:00"", ""end"": ""14:30""}, ""new_york"": {""enable"": false, ""start"": ""14:30"", ""end"": ""23:59""}}, ""momentum_params"": {""placeholder_lookback"": 14, ""placeholder_threshold"": 1.5}}","{""total_trades"": 3041, ""profit_trades"": 1013, ""loss_trades"": 2028, ""win_rate_pct"": 33.31, ""net_profit"": -863.75, ""gross_profit"": 158892.15, ""gross_loss"": 159755.9, ""profit_factor"": 0.99, ""expected_payoff"": -0.28, ""largest_profit_trade"": 224.0, ""largest_loss_trade"": -112.0, ""max_consecutive_wins_count"": 6, ""max_consecutive_losses_count"": 20, ""monte_carlo"": {""p_pass"": 48.65, ""p_fail_max_dd"": 51.35, ""p_fail_daily_loss"": 0.0, ""p_timeout"": 0.0, ""max_dd_mean"": 7.03, ""max_dd_p95"": 10.4, ""avg_days_to_pass"": 67.2}}",Tự động chạy chiến lược triplemomentum
run_eacef967,2026-09-17T17:02:05.809325,no_git,"{""symbol"": ""XAUUSD"", ""timeframe"": ""M5"", ""sessions"": {""asian"": {""enable"": true, ""start"": ""00:00"", ""end"": ""08:00""}, ""london"": {""enable"": true, ""start"": ""08:00"", ""end"": ""14:30""}, ""new_york"": {""enable"": false, ""start"": ""14:30"", ""end"": ""23:59""}}, ""momentum_params"": {""placeholder_lookback"": 14, ""placeholder_threshold"": 1.5}}","{""total_trades"": 3714, ""net_profit"": 5368.0, ""win_rate_pct"": 34.28, ""profit_factor"": 1.03, ""monte_carlo"": {""p_pass"": 54.17, ""p_fail_max_dd"": 45.83, ""p_fail_daily_loss"": 0.0, ""p_timeout"": 0.0, ""max_dd_mean"": 6.75, ""max_dd_p95"": 10.72, ""avg_days_to_pass"": 23.4}}",Tự động chạy chiến lược triplemomentum
run_ba60a325,2026-09-17T17:03:06.730004,no_git,"{""symbol"": ""XAUUSD"", ""timeframe"": ""M5"", ""sessions"": {""asian"": {""enable"": true, ""start"": ""00:00"", ""end"": ""08:00""}, ""london"": {""enable"": true, ""start"": ""08:00"", ""end"": ""14:30""}, ""new_york"": {""enable"": false, ""start"": ""14:30"", ""end"": ""23:59""}}, ""momentum_params"": {""placeholder_lookback"": 14, ""placeholder_threshold"": 1.5}}","{""total_trades"": 20454, ""net_profit"": 5076495.0, ""win_rate_pct"": 35.53, ""profit_factor"": 1.06, ""monte_carlo"": {""p_pass"": 36.01, ""p_fail_max_dd"": 62.94, ""p_fail_daily_loss"": 1.05, ""p_timeout"": 0.0, ""max_dd_mean"": 84.75, ""max_dd_p95"": 224.75, ""avg_days_to_pass"": 0.6}}",Tự động chạy chiến lược momentum
run_787e254e,2026-09-17T17:03:25.679819,no_git,"{""symbol"": ""XAUUSD"", ""timeframe"": ""M5"", ""sessions"": {""asian"": {""enable"": true, ""start"": ""00:00"", ""end"": ""08:00""}, ""london"": {""enable"": true, ""start"": ""08:00"", ""end"": ""14:30""}, ""new_york"": {""enable"": false, ""start"": ""14:30"", ""end"": ""23:59""}}, ""momentum_params"": {""placeholder_lookback"": 14, ""placeholder_threshold"": 1.5}}","{""total_trades"": 697, ""net_profit"": 4470.0, ""win_rate_pct"": 37.02, ""profit_factor"": 1.16, ""monte_carlo"": {""p_pass"": 83.19, ""p_fail_max_dd"": 16.75, ""p_fail_daily_loss"": 0.0, ""p_timeout"": 0.06, ""max_dd_mean"": 4.42, ""max_dd_p95"": 10.38, ""avg_days_to_pass"": 35.8}}",Tự động chạy chiến lược simplersi
run_bfc38676,2026-09-17T17:17:39.827338,no_git,"{""symbol"": ""XAUUSD"", ""timeframe"": ""M5"", ""sessions"": {""asian"": {""enable"": true, ""start"": ""00:00"", ""end"": ""08:00""}, ""london"": {""enable"": true, ""start"": ""08:00"", ""end"": ""14:30""}, ""new_york"": {""enable"": false, ""start"": ""14:30"", ""end"": ""23:59""}}, ""momentum_params"": {""placeholder_lookback"": 14, ""placeholder_threshold"": 1.5}}","{""total_trades"": 697, ""net_profit"": 4470.0, ""win_rate_pct"": 37.02, ""profit_factor"": 1.16, ""monte_carlo"": {""p_pass"": 83.19, ""p_fail_max_dd"": 16.75, ""p_fail_daily_loss"": 0.0, ""p_timeout"": 0.06, ""max_dd_mean"": 4.42, ""max_dd_p95"": 10.38, ""avg_days_to_pass"": 35.8}}",Tự động chạy chiến lược simplersi
run_fd76c2bb,2026-09-17T17:19:04.289864,no_git,"{""symbol"": ""XAUUSD"", ""timeframe"": ""M5"", ""sessions"": {""asian"": {""enable"": true, ""start"": ""00:00"", ""end"": ""08:00""}, ""london"": {""enable"": true, ""start"": ""08:00"", ""end"": ""14:30""}, ""new_york"": {""enable"": false, ""start"": ""14:30"", ""end"": ""23:59""}}, ""momentum_params"": {""placeholder_lookback"": 14, ""placeholder_threshold"": 1.5}}","{""total_trades"": 20454, ""net_profit"": 1757000.0, ""win_rate_pct"": 35.53, ""profit_factor"": 1.1, ""monte_carlo"": {""p_pass"": 36.01, ""p_fail_max_dd"": 62.94, ""p_fail_daily_loss"": 1.05, ""p_timeout"": 0.0, ""max_dd_mean"": 15.39, ""max_dd_p95"": 26.09, ""avg_days_to_pass"": 0.6}}",Tự động chạy chiến lược momentum
run_edfe7ca1,2026-09-21T11:06:35.906988,no_git,"{""symbol"": ""XAUUSD"", ""timeframe"": ""M5"", ""sessions"": {""asian"": {""enable"": true, ""start"": ""00:00"", ""end"": ""08:00""}, ""london"": {""enable"": true, ""start"": ""08:00"", ""end"": ""14:30""}, ""new_york"": {""enable"": false, ""start"": ""14:30"", ""end"": ""23:59""}}, ""momentum_params"": {""placeholder_lookback"": 14, ""placeholder_threshold"": 1.5}}","{""total_trades"": 82, ""net_profit"": 880.0, ""win_rate_pct"": 40.24, ""profit_factor"": 1.34, ""max_consecutive_losses_count"": 8, ""monte_carlo"": {""p_pass"": 53.8, ""p_fail_max_dd"": 0.5, ""p_fail_daily_loss"": 0.0, ""p_timeout"": 45.7, ""max_dd_mean"": 1.99, ""max_dd_p95"": 6.27, ""avg_days_to_pass"": 17.1}}",Tự động chạy chiến lược momentum
run_d2c4fc60,2026-09-21T11:07:41.509021,no_git,"{""symbol"": ""XAUUSD"", ""timeframe"": ""M5"", ""sessions"": {""asian"": {""enable"": true, ""start"": ""00:00"", ""end"": ""08:00""}, ""london"": {""enable"": true, ""start"": ""08:00"", ""end"": ""14:30""}, ""new_york"": {""enable"": false, ""start"": ""14:30"", ""end"": ""23:59""}}, ""momentum_params"": {""placeholder_lookback"": 14, ""placeholder_threshold"": 1.5}}","{""total_trades"": 123, ""net_profit"": 1074.0, ""win_rate_pct"": 39.02, ""profit_factor"": 1.27, ""max_consecutive_losses_count"": 11, ""monte_carlo"": {""p_pass"": 65.4, ""p_fail_max_dd"": 1.98, ""p_fail_daily_loss"": 0.0, ""p_timeout"": 32.62, ""max_dd_mean"": 2.49, ""max_dd_p95"": 7.72, ""avg_days_to_pass"": 22.7}}",Tự động chạy chiến lược simplersi
run_3c4383aa,2026-09-21T11:09:06.754984,no_git,"{""symbol"": ""XAUUSD"", ""timeframe"": ""M5"", ""sessions"": {""asian"": {""enable"": true, ""start"": ""00:00"", ""end"": ""08:00""}, ""london"": {""enable"": true, ""start"": ""08:00"", ""end"": ""14:30""}, ""new_york"": {""enable"": false, ""start"": ""14:30"", ""end"": ""23:59""}}, ""momentum_params"": {""placeholder_lookback"": 14, ""placeholder_threshold"": 1.5}}","{""total_trades"": 804, ""net_profit"": 5588.0, ""win_rate_pct"": 37.19, ""profit_factor"": 1.17, ""max_consecutive_losses_count"": 17, ""monte_carlo"": {""p_pass"": 91.21, ""p_fail_max_dd"": 8.67, ""p_fail_daily_loss"": 0.0, ""p_timeout"": 0.12, ""max_dd_mean"": 3.61, ""max_dd_p95"": 10.15, ""avg_days_to_pass"": 48.8}}",Tự động chạy chiến lược triplemomentum
run_d0aba220,2026-09-21T16:46:05.512276,no_git,"{""symbol"": ""XAUUSD"", ""timeframe"": ""M5"", ""sessions"": {""asian"": {""enable"": true, ""start"": ""00:00"", ""end"": ""08:00""}, ""london"": {""enable"": true, ""start"": ""08:00"", ""end"": ""14:30""}, ""new_york"": {""enable"": false, ""start"": ""14:30"", ""end"": ""23:59""}}, ""momentum_params"": {""placeholder_lookback"": 14, ""placeholder_threshold"": 1.5}}","{""total_trades"": 804, ""net_profit"": 5588.0, ""win_rate_pct"": 37.19, ""profit_factor"": 1.17, ""max_consecutive_losses_count"": 17, ""monte_carlo"": {""p_pass"": 91.21, ""p_fail_max_dd"": 8.67, ""p_fail_daily_loss"": 0.0, ""p_timeout"": 0.12, ""max_dd_mean"": 3.61, ""max_dd_p95"": 10.15, ""avg_days_to_pass"": 48.8}}",Tự động chạy chiến lược triplemomentum
run_3cf6a95d,2026-09-21T17:17:38.936722,no_git,"{""symbol"": ""XAUUSD"", ""timeframe"": ""M5"", ""sessions"": {""asian"": {""enable"": true, ""start"": ""00:00"", ""end"": ""08:00""}, ""london"": {""enable"": true, ""start"": ""08:00"", ""end"": ""14:30""}, ""new_york"": {""enable"": false, ""start"": ""14:30"", ""end"": ""23:59""}}, ""momentum_params"": {""placeholder_lookback"": 14, ""placeholder_threshold"": 1.5}}","{""total_trades"": 5936, ""net_profit"": 95845.0, ""win_rate_pct"": 36.15, ""profit_factor"": 1.22, ""max_consecutive_losses_count"": 16, ""monte_carlo"": {""p_pass"": 84.54, ""p_fail_max_dd"": 15.46, ""p_fail_daily_loss"": 0.0, ""p_timeout"": 0.0, ""max_dd_mean"": 4.33, ""max_dd_p95"": 10.27, ""avg_days_to_pass"": 56.2}}",Tự động chạy chiến lược momentum
run_31e493d9,2026-09-21T17:19:36.937305,no_git,"{""symbol"": ""XAUUSD"", ""timeframe"": ""M5"", ""sessions"": {""asian"": {""enable"": true, ""start"": ""00:00"", ""end"": ""08:00""}, ""london"": {""enable"": true, ""start"": ""08:00"", ""end"": ""14:30""}, ""new_york"": {""enable"": false, ""start"": ""14:30"", ""end"": ""23:59""}}, ""momentum_params"": {""placeholder_lookback"": 14, ""placeholder_threshold"": 1.5}}","{""total_trades"": 5936, ""net_profit"": 95845.0, ""win_rate_pct"": 36.15, ""profit_factor"": 1.22, ""max_consecutive_losses_count"": 16, ""monte_carlo"": {""p_pass"": 84.54, ""p_fail_max_dd"": 15.46, ""p_fail_daily_loss"": 0.0, ""p_timeout"": 0.0, ""max_dd_mean"": 4.33, ""max_dd_p95"": 10.27, ""avg_days_to_pass"": 56.2}}",Tự động chạy chiến lược momentum
run_7a17327c,2026-09-21T17:20:52.139487,no_git,"{""symbol"": ""XAUUSD"", ""timeframe"": ""M5"", ""sessions"": {""asian"": {""enable"": true, ""start"": ""00:00"", ""end"": ""08:00""}, ""london"": {""enable"": true, ""start"": ""08:00"", ""end"": ""14:30""}, ""new_york"": {""enable"": false, ""start"": ""14:30"", ""end"": ""23:59""}}, ""momentum_params"": {""placeholder_lookback"": 14, ""placeholder_threshold"": 1.5}}","{""total_trades"": 651, ""net_profit"": 5616.0, ""win_rate_pct"": 38.1, ""profit_factor"": 1.22, ""max_consecutive_losses_count"": 13, ""monte_carlo"": {""p_pass"": 94.55, ""p_fail_max_dd"": 5.3, ""p_fail_daily_loss"": 0.0, ""p_timeout"": 0.15, ""max_dd_mean"": 3.06, ""max_dd_p95"": 10.02, ""avg_days_to_pass"": 42.3}}",Tự động chạy chiến lược simplersi
run_a36eda57,2026-09-21T17:23:13.288470,no_git,"{""symbol"": ""XAUUSD"", ""timeframe"": ""M5"", ""sessions"": {""asian"": {""enable"": true, ""start"": ""00:00"", ""end"": ""08:00""}, ""london"": {""enable"": true, ""start"": ""08:00"", ""end"": ""14:30""}, ""new_york"": {""enable"": false, ""start"": ""14:30"", ""end"": ""23:59""}}, ""momentum_params"": {""placeholder_lookback"": 14, ""placeholder_threshold"": 1.5}}","{""total_trades"": 651, ""net_profit"": 5616.0, ""win_rate_pct"": 38.1, ""profit_factor"": 1.22, ""max_consecutive_losses_count"": 13, ""monte_carlo"": {""p_pass"": 94.55, ""p_fail_max_dd"": 5.3, ""p_fail_daily_loss"": 0.0, ""p_timeout"": 0.15, ""max_dd_mean"": 3.06, ""max_dd_p95"": 10.02, ""avg_days_to_pass"": 42.3}, ""rolling_window"": {""num_windows"": 171, ""p_pass_across_history"": 4.09, ""p_fail_across_history"": 0.0, ""p_timeout_across_history"": 95.91, ""worst_max_dd_pct"": -7.92, ""median_days_to_pass"": 20.0}}",Tự động chạy chiến lược simplersi
run_6275cb3f,2026-09-21T17:25:28.318885,no_git,"{""symbol"": ""XAUUSD"", ""timeframe"": ""M5"", ""sessions"": {""asian"": {""enable"": true, ""start"": ""00:00"", ""end"": ""08:00""}, ""london"": {""enable"": true, ""start"": ""08:00"", ""end"": ""14:30""}, ""new_york"": {""enable"": false, ""start"": ""14:30"", ""end"": ""23:59""}}, ""momentum_params"": {""placeholder_lookback"": 14, ""placeholder_threshold"": 1.5}}","{""total_trades"": 651, ""net_profit"": 5616.0, ""win_rate_pct"": 38.1, ""profit_factor"": 1.22, ""max_consecutive_losses_count"": 13, ""monte_carlo"": {""p_pass"": 94.55, ""p_fail_max_dd"": 5.3, ""p_fail_daily_loss"": 0.0, ""p_timeout"": 0.15, ""max_dd_mean"": 3.06, ""max_dd_p95"": 10.02, ""avg_days_to_pass"": 42.3}, ""rolling_window"": {""num_windows"": 172, ""p_pass_across_history"": 3.49, ""p_fail_across_history"": 0.0, ""p_timeout_across_history"": 96.51, ""worst_max_dd_pct"": -6.92, ""median_days_to_pass"": 19.5}}",Tự động chạy chiến lược simplersi
run_3bbd476c,2026-09-21T17:27:25.839568,no_git,"{""symbol"": ""XAUUSD"", ""timeframe"": ""M5"", ""sessions"": {""asian"": {""enable"": true, ""start"": ""00:00"", ""end"": ""08:00""}, ""london"": {""enable"": true, ""start"": ""08:00"", ""end"": ""14:30""}, ""new_york"": {""enable"": false, ""start"": ""14:30"", ""end"": ""23:59""}}, ""momentum_params"": {""placeholder_lookback"": 14, ""placeholder_threshold"": 1.5}}","{""total_trades"": 651, ""net_profit"": 5616.0, ""win_rate_pct"": 38.1, ""profit_factor"": 1.22, ""max_consecutive_losses_count"": 13, ""monte_carlo"": {""p_pass"": 94.55, ""p_fail_max_dd"": 5.3, ""p_fail_daily_loss"": 0.0, ""p_timeout"": 0.15, ""max_dd_mean"": 3.06, ""max_dd_p95"": 10.02, ""avg_days_to_pass"": 42.3}, ""rolling_window"": {""num_windows"": 172, ""p_pass_across_history"": 3.49, ""p_fail_across_history"": 0.0, ""p_timeout_across_history"": 96.51, ""worst_max_dd_pct"": -6.92, ""median_days_to_pass"": 19.5}}",Tự động chạy chiến lược simplersi
run_1f20c00e,2026-09-21T18:00:16.302684,no_git,"{""symbol"": ""XAUUSD"", ""timeframe"": ""M5"", ""sessions"": {""asian"": {""enable"": true, ""start"": ""00:00"", ""end"": ""08:00""}, ""london"": {""enable"": true, ""start"": ""08:00"", ""end"": ""14:30""}, ""new_york"": {""enable"": false, ""start"": ""14:30"", ""end"": ""23:59""}}, ""momentum_params"": {""placeholder_lookback"": 14, ""placeholder_threshold"": 1.5}}","{""total_trades"": 5936, ""net_profit"": 95845.0, ""win_rate_pct"": 36.15, ""profit_factor"": 1.22, ""max_consecutive_losses_count"": 16, ""monte_carlo"": {""p_pass"": 84.54, ""p_fail_max_dd"": 15.46, ""p_fail_daily_loss"": 0.0, ""p_timeout"": 0.0, ""max_dd_mean"": 4.33, ""max_dd_p95"": 10.27, ""avg_days_to_pass"": 56.2}, ""rolling_window"": {""num_windows"": 172, ""p_pass_across_history"": 34.3, ""p_fail_across_history"": 0.0, ""p_timeout_across_history"": 65.7, ""worst_max_dd_pct"": -15.16, ""median_days_to_pass"": 8.0}}",Tự động chạy chiến lược momentum
run_15d0667a,2026-09-21T18:02:09.126544,no_git,"{""symbol"": ""XAUUSD"", ""timeframe"": ""M5"", ""sessions"": {""asian"": {""enable"": true, ""start"": ""00:00"", ""end"": ""08:00""}, ""london"": {""enable"": true, ""start"": ""08:00"", ""end"": ""14:30""}, ""new_york"": {""enable"": false, ""start"": ""14:30"", ""end"": ""23:59""}}, ""momentum_params"": {""placeholder_lookback"": 14, ""placeholder_threshold"": 1.5}}","{""total_trades"": 3099, ""net_profit"": 4756.0, ""win_rate_pct"": 34.33, ""profit_factor"": 1.03, ""max_consecutive_losses_count"": 16, ""monte_carlo"": {""p_pass"": 64.33, ""p_fail_max_dd"": 35.67, ""p_fail_daily_loss"": 0.0, ""p_timeout"": 0.0, ""max_dd_mean"": 6.02, ""max_dd_p95"": 10.37, ""avg_days_to_pass"": 67.2}, ""rolling_window"": {""num_windows"": 172, ""p_pass_across_history"": 14.53, ""p_fail_across_history"": 0.0, ""p_timeout_across_history"": 85.47, ""worst_max_dd_pct"": -11.35, ""median_days_to_pass"": 21.0}}",Tự động chạy chiến lược triplemomentum
run_ffe2d3e7,2026-09-21T18:03:24.411760,no_git,"{""symbol"": ""XAUUSD"", ""timeframe"": ""M5"", ""sessions"": {""asian"": {""enable"": true, ""start"": ""00:00"", ""end"": ""08:00""}, ""london"": {""enable"": true, ""start"": ""08:00"", ""end"": ""14:30""}, ""new_york"": {""enable"": false, ""start"": ""14:30"", ""end"": ""23:59""}}, ""momentum_params"": {""placeholder_lookback"": 14, ""placeholder_threshold"": 1.5}}","{""total_trades"": 651, ""net_profit"": 5616.0, ""win_rate_pct"": 38.1, ""profit_factor"": 1.22, ""max_consecutive_losses_count"": 13, ""monte_carlo"": {""p_pass"": 94.55, ""p_fail_max_dd"": 5.3, ""p_fail_daily_loss"": 0.0, ""p_timeout"": 0.15, ""max_dd_mean"": 3.06, ""max_dd_p95"": 10.02, ""avg_days_to_pass"": 42.3}, ""rolling_window"": {""num_windows"": 172, ""p_pass_across_history"": 3.49, ""p_fail_across_history"": 0.0, ""p_timeout_across_history"": 96.51, ""worst_max_dd_pct"": -6.92, ""median_days_to_pass"": 19.5}}",Tự động chạy chiến lược simplersi
